1779690842.458797992	device,VRAM Total Memory (B),VRAM Total Used Memory (B) card0,25753026560,1446559744  
1779690842.818219672	device,VRAM Total Memory (B),VRAM Total Used Memory (B) card0,25753026560,1731911680  
1779690843.160737710	device,VRAM Total Memory (B),VRAM Total Used Memory (B) card0,25753026560,19694034944  
1779690843.508325069	device,VRAM Total Memory (B),VRAM Total Used Memory (B) card0,25753026560,19694231552  
1779690843.851024444	device,VRAM Total Memory (B),VRAM Total Used Memory (B) card0,25753026560,19694231552  
1779690844.196201328	device,VRAM Total Memory (B),VRAM Total Used Memory (B) card0,25753026560,19694231552  
1779690844.547065309	device,VRAM Total Memory (B),VRAM Total Used Memory (B) card0,25753026560,19694231552  
1779690844.894113677	device,VRAM Total Memory (B),VRAM Total Used Memory (B) card0,25753026560,19694231552  
1779690845.235358274	device,VRAM Total Memory (B),VRAM Total Used Memory (B) card0,25753026560,19694231552  
1779690845.583998575	device,VRAM Total Memory (B),VRAM Total Used Memory (B) card0,25753026560,19694231552  
1779690845.926606386	device,VRAM Total Memory (B),VRAM Total Used Memory (B) card0,25753026560,19694231552  
1779690846.269866223	device,VRAM Total Memory (B),VRAM Total Used Memory (B) card0,25753026560,19694231552  
1779690846.618006664	device,VRAM Total Memory (B),VRAM Total Used Memory (B) card0,25753026560,19694231552  
1779690846.963367584	device,VRAM Total Memory (B),VRAM Total Used Memory (B) card0,25753026560,19694231552  
1779690847.306020336	device,VRAM Total Memory (B),VRAM Total Used Memory (B) card0,25753026560,19694231552  
1779690847.651257051	device,VRAM Total Memory (B),VRAM Total Used Memory (B) card0,25753026560,19694231552  
1779690847.996485035	device,VRAM Total Memory (B),VRAM Total Used Memory (B) card0,25753026560,19694231552  
1779690848.339179958	device,VRAM Total Memory (B),VRAM Total Used Memory (B) card0,25753026560,19694231552  
1779690848.680451855	device,VRAM Total Memory (B),VRAM Total Used Memory (B) card0,25753026560,19694231552  
1779690849.032340614	device,VRAM Total Memory (B),VRAM Total Used Memory (B) card0,25753026560,19694231552  
1779690849.378283307	device,VRAM Total Memory (B),VRAM Total Used Memory (B) card0,25753026560,19694231552  
1779690849.719127937	device,VRAM Total Memory (B),VRAM Total Used Memory (B) card0,25753026560,19694231552  
1779690850.069093130	device,VRAM Total Memory (B),VRAM Total Used Memory (B) card0,25753026560,19694231552  
1779690850.416877106	device,VRAM Total Memory (B),VRAM Total Used Memory (B) card0,25753026560,19694231552  
1779690850.765343998	device,VRAM Total Memory (B),VRAM Total Used Memory (B) card0,25753026560,19694231552  
1779690851.107411196	device,VRAM Total Memory (B),VRAM Total Used Memory (B) card0,25753026560,19694231552  
1779690851.449250475	device,VRAM Total Memory (B),VRAM Total Used Memory (B) card0,25753026560,19694231552  
1779690851.791105674	device,VRAM Total Memory (B),VRAM Total Used Memory (B) card0,25753026560,19694231552  
1779690852.131039306	device,VRAM Total Memory (B),VRAM Total Used Memory (B) card0,25753026560,19694231552  
1779690852.475247009	device,VRAM Total Memory (B),VRAM Total Used Memory (B) card0,25753026560,19694231552  
1779690852.822509663	device,VRAM Total Memory (B),VRAM Total Used Memory (B) card0,25753026560,19694231552  
1779690853.167813899	device,VRAM Total Memory (B),VRAM Total Used Memory (B) card0,25753026560,19694231552  
1779690853.513016971	device,VRAM Total Memory (B),VRAM Total Used Memory (B) card0,25753026560,19694231552  
1779690853.860609238	device,VRAM Total Memory (B),VRAM Total Used Memory (B) card0,25753026560,19694231552  
1779690854.205782128	device,VRAM Total Memory (B),VRAM Total Used Memory (B) card0,25753026560,19694231552  
1779690854.547966699	device,VRAM Total Memory (B),VRAM Total Used Memory (B) card0,25753026560,19694231552  
1779690854.893089298	device,VRAM Total Memory (B),VRAM Total Used Memory (B) card0,25753026560,19694231552  
1779690855.240669324	device,VRAM Total Memory (B),VRAM Total Used Memory (B) card0,25753026560,21184163840  
1779690855.584764791	device,VRAM Total Memory (B),VRAM Total Used Memory (B) card0,25753026560,21372047360  
1779690855.925011305	device,VRAM Total Memory (B),VRAM Total Used Memory (B) card0,25753026560,21372047360  
1779690856.262957047	device,VRAM Total Memory (B),VRAM Total Used Memory (B) card0,25753026560,21372051456  
1779690856.603763303	device,VRAM Total Memory (B),VRAM Total Used Memory (B) card0,25753026560,21372051456  
1779690856.944033637	device,VRAM Total Memory (B),VRAM Total Used Memory (B) card0,25753026560,21372051456  
1779690857.285311162	device,VRAM Total Memory (B),VRAM Total Used Memory (B) card0,25753026560,21372051456  
1779690857.626056935	device,VRAM Total Memory (B),VRAM Total Used Memory (B) card0,25753026560,21372051456  
1779690857.967758936	device,VRAM Total Memory (B),VRAM Total Used Memory (B) card0,25753026560,21372051456  
1779690858.309208557	device,VRAM Total Memory (B),VRAM Total Used Memory (B) card0,25753026560,21372051456  
1779690858.647331445	device,VRAM Total Memory (B),VRAM Total Used Memory (B) card0,25753026560,21372051456  
1779690858.987572698	device,VRAM Total Memory (B),VRAM Total Used Memory (B) card0,25753026560,21372051456  
1779690859.328743767	device,VRAM Total Memory (B),VRAM Total Used Memory (B) card0,25753026560,21372051456  
1779690859.668439708	device,VRAM Total Memory (B),VRAM Total Used Memory (B) card0,25753026560,21374148608  
1779690860.008215992	device,VRAM Total Memory (B),VRAM Total Used Memory (B) card0,25753026560,21374148608  
1779690860.346663623	device,VRAM Total Memory (B),VRAM Total Used Memory (B) card0,25753026560,21374275584  
1779690860.687694716	device,VRAM Total Memory (B),VRAM Total Used Memory (B) card0,25753026560,21420560384  
1779690861.028967150	device,VRAM Total Memory (B),VRAM Total Used Memory (B) card0,25753026560,21420560384  
1779690861.368162190	device,VRAM Total Memory (B),VRAM Total Used Memory (B) card0,25753026560,21420564480  
1779690861.712153481	device,VRAM Total Memory (B),VRAM Total Used Memory (B) card0,25753026560,21420564480  
1779690862.053296999	device,VRAM Total Memory (B),VRAM Total Used Memory (B) card0,25753026560,21420564480  
1779690862.394129614	device,VRAM Total Memory (B),VRAM Total Used Memory (B) card0,25753026560,21420564480  
1779690862.734847824	device,VRAM Total Memory (B),VRAM Total Used Memory (B) card0,25753026560,21420564480  
1779690863.073017063	device,VRAM Total Memory (B),VRAM Total Used Memory (B) card0,25753026560,21420564480  
1779690863.412676251	device,VRAM Total Memory (B),VRAM Total Used Memory (B) card0,25753026560,21420564480  
1779690863.753744686	device,VRAM Total Memory (B),VRAM Total Used Memory (B) card0,25753026560,21420564480  
1779690864.093431945	device,VRAM Total Memory (B),VRAM Total Used Memory (B) card0,25753026560,21420564480  
1779690864.433700767	device,VRAM Total Memory (B),VRAM Total Used Memory (B) card0,25753026560,21420564480  
1779690864.776276551	device,VRAM Total Memory (B),VRAM Total Used Memory (B) card0,25753026560,21420568576  
1779690865.114780502	device,VRAM Total Memory (B),VRAM Total Used Memory (B) card0,25753026560,21420568576  
1779690865.454949370	device,VRAM Total Memory (B),VRAM Total Used Memory (B) card0,25753026560,21420568576  
1779690865.796851147	device,VRAM Total Memory (B),VRAM Total Used Memory (B) card0,25753026560,21420568576  
1779690866.135786096	device,VRAM Total Memory (B),VRAM Total Used Memory (B) card0,25753026560,21420568576  
1779690866.476999895	device,VRAM Total Memory (B),VRAM Total Used Memory (B) card0,25753026560,21420568576  
1779690866.815690564	device,VRAM Total Memory (B),VRAM Total Used Memory (B) card0,25753026560,21420568576  
1779690867.156014027	device,VRAM Total Memory (B),VRAM Total Used Memory (B) card0,25753026560,21420552192  
1779690867.497522497	device,VRAM Total Memory (B),VRAM Total Used Memory (B) card0,25753026560,21420552192  
1779690867.837163264	device,VRAM Total Memory (B),VRAM Total Used Memory (B) card0,25753026560,21420552192  
1779690868.178068020	device,VRAM Total Memory (B),VRAM Total Used Memory (B) card0,25753026560,21420552192  
1779690868.519684605	device,VRAM Total Memory (B),VRAM Total Used Memory (B) card0,25753026560,21420552192  
1779690868.863075940	device,VRAM Total Memory (B),VRAM Total Used Memory (B) card0,25753026560,21420552192  
1779690869.201233207	device,VRAM Total Memory (B),VRAM Total Used Memory (B) card0,25753026560,21420552192  
1779690869.541515518	device,VRAM Total Memory (B),VRAM Total Used Memory (B) card0,25753026560,21420552192  
1779690869.880601842	device,VRAM Total Memory (B),VRAM Total Used Memory (B) card0,25753026560,21420552192  
1779690870.220272348	device,VRAM Total Memory (B),VRAM Total Used Memory (B) card0,25753026560,21420552192  
1779690870.564046098	device,VRAM Total Memory (B),VRAM Total Used Memory (B) card0,25753026560,21420552192  
1779690870.903581070	device,VRAM Total Memory (B),VRAM Total Used Memory (B) card0,25753026560,21420552192  
1779690871.242236245	device,VRAM Total Memory (B),VRAM Total Used Memory (B) card0,25753026560,21420552192  
1779690871.583156761	device,VRAM Total Memory (B),VRAM Total Used Memory (B) card0,25753026560,21420552192  
1779690871.924297596	device,VRAM Total Memory (B),VRAM Total Used Memory (B) card0,25753026560,21420552192  
1779690872.264777945	device,VRAM Total Memory (B),VRAM Total Used Memory (B) card0,25753026560,21420552192  
1779690872.605560755	device,VRAM Total Memory (B),VRAM Total Used Memory (B) card0,25753026560,21420552192  
1779690872.948020032	device,VRAM Total Memory (B),VRAM Total Used Memory (B) card0,25753026560,21420552192  
1779690873.288549752	device,VRAM Total Memory (B),VRAM Total Used Memory (B) card0,25753026560,21420552192  
1779690873.630216097	device,VRAM Total Memory (B),VRAM Total Used Memory (B) card0,25753026560,21420552192  
1779690873.971214316	device,VRAM Total Memory (B),VRAM Total Used Memory (B) card0,25753026560,21420552192  
1779690874.313541387	device,VRAM Total Memory (B),VRAM Total Used Memory (B) card0,25753026560,21420552192  
1779690874.657341497	device,VRAM Total Memory (B),VRAM Total Used Memory (B) card0,25753026560,21420552192  
1779690874.998109626	device,VRAM Total Memory (B),VRAM Total Used Memory (B) card0,25753026560,21420552192  
1779690875.339471968	device,VRAM Total Memory (B),VRAM Total Used Memory (B) card0,25753026560,21420556288  
1779690875.680879152	device,VRAM Total Memory (B),VRAM Total Used Memory (B) card0,25753026560,21420556288  
1779690876.020297437	device,VRAM Total Memory (B),VRAM Total Used Memory (B) card0,25753026560,21420556288  
1779690876.364433070	device,VRAM Total Memory (B),VRAM Total Used Memory (B) card0,25753026560,21420556288  
1779690876.703840674	device,VRAM Total Memory (B),VRAM Total Used Memory (B) card0,25753026560,21420556288  
1779690877.045041870	device,VRAM Total Memory (B),VRAM Total Used Memory (B) card0,25753026560,21420556288  
1779690877.385953094	device,VRAM Total Memory (B),VRAM Total Used Memory (B) card0,25753026560,21420556288  
1779690877.727214642	device,VRAM Total Memory (B),VRAM Total Used Memory (B) card0,25753026560,21420556288  
1779690878.072672787	device,VRAM Total Memory (B),VRAM Total Used Memory (B) card0,25753026560,21420556288  
1779690878.413417864	device,VRAM Total Memory (B),VRAM Total Used Memory (B) card0,25753026560,21420556288  
1779690878.755621569	device,VRAM Total Memory (B),VRAM Total Used Memory (B) card0,25753026560,21420560384  
1779690879.096832385	device,VRAM Total Memory (B),VRAM Total Used Memory (B) card0,25753026560,21420560384  
1779690879.437144774	device,VRAM Total Memory (B),VRAM Total Used Memory (B) card0,25753026560,21420560384  
1779690879.779539867	device,VRAM Total Memory (B),VRAM Total Used Memory (B) card0,25753026560,21420560384  
1779690880.120073185	device,VRAM Total Memory (B),VRAM Total Used Memory (B) card0,25753026560,21420560384  
1779690880.464544890	device,VRAM Total Memory (B),VRAM Total Used Memory (B) card0,25753026560,21420560384  
1779690880.806187422	device,VRAM Total Memory (B),VRAM Total Used Memory (B) card0,25753026560,21420560384  
1779690881.148840104	device,VRAM Total Memory (B),VRAM Total Used Memory (B) card0,25753026560,21420560384  
1779690881.489465636	device,VRAM Total Memory (B),VRAM Total Used Memory (B) card0,25753026560,21420560384  
1779690881.833168790	device,VRAM Total Memory (B),VRAM Total Used Memory (B) card0,25753026560,21420560384  
1779690882.173642745	device,VRAM Total Memory (B),VRAM Total Used Memory (B) card0,25753026560,21420564480  
1779690882.518241174	device,VRAM Total Memory (B),VRAM Total Used Memory (B) card0,25753026560,21420580864  
1779690882.860958229	device,VRAM Total Memory (B),VRAM Total Used Memory (B) card0,25753026560,21420580864  
1779690883.206168742	device,VRAM Total Memory (B),VRAM Total Used Memory (B) card0,25753026560,21420580864  
1779690883.549737670	device,VRAM Total Memory (B),VRAM Total Used Memory (B) card0,25753026560,21420605440  
1779690883.894519877	device,VRAM Total Memory (B),VRAM Total Used Memory (B) card0,25753026560,21420605440  
1779690884.236747611	device,VRAM Total Memory (B),VRAM Total Used Memory (B) card0,25753026560,21420605440  
1779690884.579648302	device,VRAM Total Memory (B),VRAM Total Used Memory (B) card0,25753026560,21420605440  
1779690884.920759242	device,VRAM Total Memory (B),VRAM Total Used Memory (B) card0,25753026560,21420605440  
1779690885.263254887	device,VRAM Total Memory (B),VRAM Total Used Memory (B) card0,25753026560,21420605440  
1779690885.606354886	device,VRAM Total Memory (B),VRAM Total Used Memory (B) card0,25753026560,21420605440  
1779690885.948337260	device,VRAM Total Memory (B),VRAM Total Used Memory (B) card0,25753026560,21420609536  
1779690886.290156918	device,VRAM Total Memory (B),VRAM Total Used Memory (B) card0,25753026560,21420609536  
1779690886.633032988	device,VRAM Total Memory (B),VRAM Total Used Memory (B) card0,25753026560,21420605440  
1779690886.975157607	device,VRAM Total Memory (B),VRAM Total Used Memory (B) card0,25753026560,21420605440  
1779690887.318728604	device,VRAM Total Memory (B),VRAM Total Used Memory (B) card0,25753026560,21420605440  
1779690887.658786842	device,VRAM Total Memory (B),VRAM Total Used Memory (B) card0,25753026560,21420605440  
1779690888.000954943	device,VRAM Total Memory (B),VRAM Total Used Memory (B) card0,25753026560,21420605440  
1779690888.342085872	device,VRAM Total Memory (B),VRAM Total Used Memory (B) card0,25753026560,21420605440  
1779690888.682725693	device,VRAM Total Memory (B),VRAM Total Used Memory (B) card0,25753026560,21420605440  
1779690889.021942356	device,VRAM Total Memory (B),VRAM Total Used Memory (B) card0,25753026560,21420605440  
1779690889.361879218	device,VRAM Total Memory (B),VRAM Total Used Memory (B) card0,25753026560,21420605440  
1779690889.703495837	device,VRAM Total Memory (B),VRAM Total Used Memory (B) card0,25753026560,21420605440  
1779690890.046437618	device,VRAM Total Memory (B),VRAM Total Used Memory (B) card0,25753026560,21420605440  
1779690890.388158980	device,VRAM Total Memory (B),VRAM Total Used Memory (B) card0,25753026560,21420605440  
1779690890.730747047	device,VRAM Total Memory (B),VRAM Total Used Memory (B) card0,25753026560,21420605440  
1779690891.075601395	device,VRAM Total Memory (B),VRAM Total Used Memory (B) card0,25753026560,21420605440  
1779690891.415932461	device,VRAM Total Memory (B),VRAM Total Used Memory (B) card0,25753026560,21420605440  
1779690891.758550819	device,VRAM Total Memory (B),VRAM Total Used Memory (B) card0,25753026560,21420605440  
1779690892.101005051	device,VRAM Total Memory (B),VRAM Total Used Memory (B) card0,25753026560,21420605440  
1779690892.441661681	device,VRAM Total Memory (B),VRAM Total Used Memory (B) card0,25753026560,21420605440  
1779690892.784488997	device,VRAM Total Memory (B),VRAM Total Used Memory (B) card0,25753026560,21420605440  
1779690893.124026122	device,VRAM Total Memory (B),VRAM Total Used Memory (B) card0,25753026560,21420605440  
1779690893.463365199	device,VRAM Total Memory (B),VRAM Total Used Memory (B) card0,25753026560,21420605440  
1779690893.804018958	device,VRAM Total Memory (B),VRAM Total Used Memory (B) card0,25753026560,21420605440  
1779690894.144951328	device,VRAM Total Memory (B),VRAM Total Used Memory (B) card0,25753026560,21420605440  
1779690894.489549754	device,VRAM Total Memory (B),VRAM Total Used Memory (B) card0,25753026560,21420605440  
1779690894.833239774	device,VRAM Total Memory (B),VRAM Total Used Memory (B) card0,25753026560,21420605440  
1779690895.173699875	device,VRAM Total Memory (B),VRAM Total Used Memory (B) card0,25753026560,21420605440  
1779690895.513329593	device,VRAM Total Memory (B),VRAM Total Used Memory (B) card0,25753026560,21420605440  
1779690895.854419749	device,VRAM Total Memory (B),VRAM Total Used Memory (B) card0,25753026560,21420605440  
1779690896.196179802	device,VRAM Total Memory (B),VRAM Total Used Memory (B) card0,25753026560,21420605440  
1779690896.537004687	device,VRAM Total Memory (B),VRAM Total Used Memory (B) card0,25753026560,21420605440  
1779690896.877796141	device,VRAM Total Memory (B),VRAM Total Used Memory (B) card0,25753026560,21420609536  
1779690897.219456869	device,VRAM Total Memory (B),VRAM Total Used Memory (B) card0,25753026560,21420609536  
1779690897.561271654	device,VRAM Total Memory (B),VRAM Total Used Memory (B) card0,25753026560,21420609536  
1779690897.902254705	device,VRAM Total Memory (B),VRAM Total Used Memory (B) card0,25753026560,21420609536  
1779690898.241771158	device,VRAM Total Memory (B),VRAM Total Used Memory (B) card0,25753026560,21420609536  
1779690898.583977977	device,VRAM Total Memory (B),VRAM Total Used Memory (B) card0,25753026560,21420609536  
1779690898.925343933	device,VRAM Total Memory (B),VRAM Total Used Memory (B) card0,25753026560,21420609536  
1779690899.265542483	device,VRAM Total Memory (B),VRAM Total Used Memory (B) card0,25753026560,21420609536  
1779690899.605148489	device,VRAM Total Memory (B),VRAM Total Used Memory (B) card0,25753026560,21420609536  
1779690899.949480613	device,VRAM Total Memory (B),VRAM Total Used Memory (B) card0,25753026560,21420609536  
1779690900.292420831	device,VRAM Total Memory (B),VRAM Total Used Memory (B) card0,25753026560,21420609536  
1779690900.631877241	device,VRAM Total Memory (B),VRAM Total Used Memory (B) card0,25753026560,21420613632  
1779690900.973096911	device,VRAM Total Memory (B),VRAM Total Used Memory (B) card0,25753026560,21420613632  
1779690901.316875642	device,VRAM Total Memory (B),VRAM Total Used Memory (B) card0,25753026560,21420613632  
1779690901.661052019	device,VRAM Total Memory (B),VRAM Total Used Memory (B) card0,25753026560,21420613632  
1779690902.001998888	device,VRAM Total Memory (B),VRAM Total Used Memory (B) card0,25753026560,21420613632  
1779690902.343543610	device,VRAM Total Memory (B),VRAM Total Used Memory (B) card0,25753026560,21420613632  
1779690902.685173616	device,VRAM Total Memory (B),VRAM Total Used Memory (B) card0,25753026560,21420613632  
1779690903.027275751	device,VRAM Total Memory (B),VRAM Total Used Memory (B) card0,25753026560,21420613632  
1779690903.368365594	device,VRAM Total Memory (B),VRAM Total Used Memory (B) card0,25753026560,21420613632  
1779690903.711537601	device,VRAM Total Memory (B),VRAM Total Used Memory (B) card0,25753026560,21420613632  
1779690904.056435907	device,VRAM Total Memory (B),VRAM Total Used Memory (B) card0,25753026560,21420617728  
1779690904.396693957	device,VRAM Total Memory (B),VRAM Total Used Memory (B) card0,25753026560,21420617728  
1779690904.740035200	device,VRAM Total Memory (B),VRAM Total Used Memory (B) card0,25753026560,21420617728  
1779690905.083844052	device,VRAM Total Memory (B),VRAM Total Used Memory (B) card0,25753026560,21420617728  
1779690905.424613443	device,VRAM Total Memory (B),VRAM Total Used Memory (B) card0,25753026560,21420617728  
1779690905.767061910	device,VRAM Total Memory (B),VRAM Total Used Memory (B) card0,25753026560,21420617728  
1779690906.110202505	device,VRAM Total Memory (B),VRAM Total Used Memory (B) card0,25753026560,21420617728  
1779690906.452416103	device,VRAM Total Memory (B),VRAM Total Used Memory (B) card0,25753026560,21420617728  
1779690906.794645051	device,VRAM Total Memory (B),VRAM Total Used Memory (B) card0,25753026560,21420617728  
1779690907.135899981	device,VRAM Total Memory (B),VRAM Total Used Memory (B) card0,25753026560,21420617728  
1779690907.479986763	device,VRAM Total Memory (B),VRAM Total Used Memory (B) card0,25753026560,21420617728  
1779690907.820312695	device,VRAM Total Memory (B),VRAM Total Used Memory (B) card0,25753026560,21420621824  
1779690908.160072505	device,VRAM Total Memory (B),VRAM Total Used Memory (B) card0,25753026560,21420621824  
1779690908.500283292	device,VRAM Total Memory (B),VRAM Total Used Memory (B) card0,25753026560,21420621824  
1779690908.843077743	device,VRAM Total Memory (B),VRAM Total Used Memory (B) card0,25753026560,21420621824  
1779690909.182446667	device,VRAM Total Memory (B),VRAM Total Used Memory (B) card0,25753026560,21420621824  
1779690909.524506358	device,VRAM Total Memory (B),VRAM Total Used Memory (B) card0,25753026560,21420621824  
1779690909.864112941	device,VRAM Total Memory (B),VRAM Total Used Memory (B) card0,25753026560,21420621824  
1779690910.206009625	device,VRAM Total Memory (B),VRAM Total Used Memory (B) card0,25753026560,21420621824  
1779690910.547794035	device,VRAM Total Memory (B),VRAM Total Used Memory (B) card0,25753026560,21420621824  
1779690910.888585035	device,VRAM Total Memory (B),VRAM Total Used Memory (B) card0,25753026560,21420621824  
1779690911.230255830	device,VRAM Total Memory (B),VRAM Total Used Memory (B) card0,25753026560,21420621824  
1779690911.569710737	device,VRAM Total Memory (B),VRAM Total Used Memory (B) card0,25753026560,21420625920  
1779690911.912850440	device,VRAM Total Memory (B),VRAM Total Used Memory (B) card0,25753026560,21420625920  
1779690912.256496483	device,VRAM Total Memory (B),VRAM Total Used Memory (B) card0,25753026560,21420625920  
1779690912.598386466	device,VRAM Total Memory (B),VRAM Total Used Memory (B) card0,25753026560,21420630016  
1779690912.945230027	device,VRAM Total Memory (B),VRAM Total Used Memory (B) card0,25753026560,21420630016  
1779690913.293237363	device,VRAM Total Memory (B),VRAM Total Used Memory (B) card0,25753026560,21420630016  
1779690913.633205920	device,VRAM Total Memory (B),VRAM Total Used Memory (B) card0,25753026560,21420630016  
1779690913.973163066	device,VRAM Total Memory (B),VRAM Total Used Memory (B) card0,25753026560,21420630016  
1779690914.314548239	device,VRAM Total Memory (B),VRAM Total Used Memory (B) card0,25753026560,21420630016  
1779690914.655227164	device,VRAM Total Memory (B),VRAM Total Used Memory (B) card0,25753026560,21420630016  
1779690914.993615037	device,VRAM Total Memory (B),VRAM Total Used Memory (B) card0,25753026560,21420630016  
1779690915.336827102	device,VRAM Total Memory (B),VRAM Total Used Memory (B) card0,25753026560,21420630016  
1779690915.677967725	device,VRAM Total Memory (B),VRAM Total Used Memory (B) card0,25753026560,21420630016  
1779690916.019063766	device,VRAM Total Memory (B),VRAM Total Used Memory (B) card0,25753026560,21420630016  
1779690916.358414567	device,VRAM Total Memory (B),VRAM Total Used Memory (B) card0,25753026560,21420630016  
1779690916.699353221	device,VRAM Total Memory (B),VRAM Total Used Memory (B) card0,25753026560,21420630016  
1779690917.040860499	device,VRAM Total Memory (B),VRAM Total Used Memory (B) card0,25753026560,21420630016  
1779690917.383718589	device,VRAM Total Memory (B),VRAM Total Used Memory (B) card0,25753026560,21420630016  
1779690917.727653652	device,VRAM Total Memory (B),VRAM Total Used Memory (B) card0,25753026560,21420630016  
1779690918.067068926	device,VRAM Total Memory (B),VRAM Total Used Memory (B) card0,25753026560,19834609664  
